{
    "position": {
        "x": -0.066600002348423,
        "y": -0.0333000011742115,
        "z": 0.0
    },
    "rotation_quat": {
        "x": 0.0,
        "y": 1.0,
        "z": 0.0,
        "w": 0.0
    },
    "rotation": {
        "x": 0.0,
        "y": 180.0,
        "z": 0.0
    },
    "field_of_view": 50.0,
    "projection_info": {
        "projection_matrix": {
            "e00": 1.0221869945526124,
            "e01": 0.0,
            "e02": 0.0,
            "e03": 0.0,
            "e10": 0.0,
            "e11": 2.1445066928863527,
            "e12": 0.0,
            "e13": 0.0,
            "e20": 0.0,
            "e21": 0.0,
            "e22": -1.0000200271606446,
            "e23": -0.02000020071864128,
            "e30": 0.0,
            "e31": 0.0,
            "e32": -1.0,
            "e33": 0.0
        }
    },
    "output_resolution": {
        "Width": 1280,
        "Height": 800
    },
    "camToWorld": {
        "e00": -1.0,
        "e01": 0.0,
        "e02": 0.0,
        "e03": -0.066600002348423,
        "e10": 0.0,
        "e11": 1.0,
        "e12": 0.0,
        "e13": -0.0333000011742115,
        "e20": 0.0,
        "e21": 0.0,
        "e22": 1.0,
        "e23": 0.0,
        "e30": 0.0,
        "e31": 0.0,
        "e32": 0.0,
        "e33": 1.0
    },
    "worldToCam": {
        "e00": -1.0,
        "e01": 0.0,
        "e02": 0.0,
        "e03": -0.066600002348423,
        "e10": 0.0,
        "e11": 1.0,
        "e12": 0.0,
        "e13": 0.0333000011742115,
        "e20": 0.0,
        "e21": 0.0,
        "e22": 1.0,
        "e23": 0.0,
        "e30": 0.0,
        "e31": 0.0,
        "e32": 0.0,
        "e33": 1.0
    }
}