{
    "position": {
        "x": -0.10000002384185791,
        "y": 0.10000000149011612,
        "z": 0.0
    },
    "rotation_quat": {
        "x": 0.01703708805143833,
        "y": 0.9829629063606262,
        "z": -0.12940947711467744,
        "w": 0.12940958142280579
    },
    "rotation": {
        "x": 14.999995231628418,
        "y": 165.0,
        "z": 0.0
    },
    "field_of_view": 50.0,
    "projection_info": {
        "projection_matrix": {
            "e00": 1.0221869945526124,
            "e01": 0.0,
            "e02": 0.0,
            "e03": 0.0,
            "e10": 0.0,
            "e11": 2.1445066928863527,
            "e12": 0.0,
            "e13": 0.0,
            "e20": 0.0,
            "e21": 0.0,
            "e22": -1.0000200271606446,
            "e23": -0.02000020071864128,
            "e30": 0.0,
            "e31": 0.0,
            "e32": -1.0,
            "e33": 0.0
        }
    },
    "output_resolution": {
        "Width": 1280,
        "Height": 800
    },
    "camToWorld": {
        "e00": -0.9659257531166077,
        "e01": 0.0669872909784317,
        "e02": -0.25000008940696719,
        "e03": -0.10000002384185791,
        "e10": 7.71340857852465e-9,
        "e11": 0.965925931930542,
        "e12": 0.25881892442703249,
        "e13": 0.10000000894069672,
        "e20": -0.2588191330432892,
        "e21": -0.24999986588954926,
        "e22": 0.9330126047134399,
        "e23": 1.7378714023408293e-9,
        "e30": 0.0,
        "e31": 0.0,
        "e32": 0.0,
        "e33": 1.0
    },
    "worldToCam": {
        "e00": -0.9659258127212524,
        "e01": 0.0,
        "e02": -0.25881916284561159,
        "e03": -0.09659260511398316,
        "e10": 0.0669873058795929,
        "e11": 0.9659258723258972,
        "e12": -0.24999991059303285,
        "e13": -0.08989385515451431,
        "e20": -0.25000011920928957,
        "e21": 0.25881895422935488,
        "e22": 0.9330127239227295,
        "e23": -0.05088191479444504,
        "e30": 0.0,
        "e31": 0.0,
        "e32": 0.0,
        "e33": 1.0
    }
}