{
    "position": {
        "x": 0.10000000149011612,
        "y": 0.10000000149011612,
        "z": 0.0
    },
    "rotation_quat": {
        "x": -0.01703706383705139,
        "y": 0.9829629063606262,
        "z": -0.12940947711467744,
        "w": -0.12940938770771027
    },
    "rotation": {
        "x": 14.999995231628418,
        "y": 194.99996948242188,
        "z": -2.2097287910582964e-7
    },
    "field_of_view": 50.0,
    "projection_info": {
        "projection_matrix": {
            "e00": 1.0221869945526124,
            "e01": 0.0,
            "e02": 0.0,
            "e03": 0.0,
            "e10": 0.0,
            "e11": 2.1445066928863527,
            "e12": 0.0,
            "e13": 0.0,
            "e20": 0.0,
            "e21": 0.0,
            "e22": -1.0000200271606446,
            "e23": -0.02000020071864128,
            "e30": 0.0,
            "e31": 0.0,
            "e32": -1.0,
            "e33": 0.0
        }
    },
    "output_resolution": {
        "Width": 1280,
        "Height": 800
    },
    "camToWorld": {
        "e00": -0.9659259915351868,
        "e01": -0.06698720902204514,
        "e02": 0.24999979138374329,
        "e03": 0.10000000149011612,
        "e10": 7.71340857852465e-9,
        "e11": 0.9659258723258972,
        "e12": 0.25881898403167727,
        "e13": 0.10000000894069672,
        "e20": 0.2588188350200653,
        "e21": -0.24999994039535523,
        "e22": 0.9330129027366638,
        "e23": 0.0,
        "e30": 0.0,
        "e31": 0.0,
        "e32": 0.0,
        "e33": 1.0
    },
    "worldToCam": {
        "e00": -0.9659258127212524,
        "e01": -3.725290298461914e-9,
        "e02": 0.25881877541542055,
        "e03": 0.09659258276224137,
        "e10": -0.06698720157146454,
        "e11": 0.9659258723258972,
        "e12": -0.24999992549419404,
        "e13": -0.0898938700556755,
        "e20": 0.2499997317790985,
        "e21": 0.25881895422935488,
        "e22": 0.9330127239227295,
        "e23": -0.050881870090961459,
        "e30": 0.0,
        "e31": 0.0,
        "e32": 0.0,
        "e33": 1.0
    }
}