{
    "position": {
        "x": -0.20000004768371583,
        "y": 0.0,
        "z": 0.0
    },
    "rotation_quat": {
        "x": 0.0,
        "y": 0.9914448857307434,
        "z": 0.0,
        "w": 0.13052625954151154
    },
    "rotation": {
        "x": 0.0,
        "y": 165.0,
        "z": 0.0
    },
    "field_of_view": 50.0,
    "projection_info": {
        "projection_matrix": {
            "e00": 1.0221869945526124,
            "e01": 0.0,
            "e02": 0.0,
            "e03": 0.0,
            "e10": 0.0,
            "e11": 2.1445066928863527,
            "e12": 0.0,
            "e13": 0.0,
            "e20": 0.0,
            "e21": 0.0,
            "e22": -1.0000200271606446,
            "e23": -0.02000020071864128,
            "e30": 0.0,
            "e31": 0.0,
            "e32": -1.0,
            "e33": 0.0
        }
    },
    "output_resolution": {
        "Width": 1280,
        "Height": 800
    },
    "camToWorld": {
        "e00": -0.9659256935119629,
        "e01": 0.0,
        "e02": -0.2588191032409668,
        "e03": -0.20000003278255464,
        "e10": 0.0,
        "e11": 1.0,
        "e12": 0.0,
        "e13": 0.0,
        "e20": -0.2588191032409668,
        "e21": 0.0,
        "e22": 0.9659256339073181,
        "e23": 3.5983533930306068e-9,
        "e30": 0.0,
        "e31": 0.0,
        "e32": 0.0,
        "e33": 1.0
    },
    "worldToCam": {
        "e00": -0.965925931930542,
        "e01": 0.0,
        "e02": -0.25881919264793398,
        "e03": -0.1931852251291275,
        "e10": 0.0,
        "e11": 1.0,
        "e12": 0.0,
        "e13": 0.0,
        "e20": -0.25881919264793398,
        "e21": 0.0,
        "e22": 0.965925931930542,
        "e23": -0.05176385119557381,
        "e30": 0.0,
        "e31": 0.0,
        "e32": 0.0,
        "e33": 1.0
    }
}